protocol,site,independent_event_id,event_start,event_end,media_records
Ground-based lure,KB01PM,1,2023-08-20T14:08:00Z,2023-08-20T14:08:00Z,1
Ground-based lure,KB03PM,1,2023-08-26T02:37:42Z,2023-08-26T02:37:42Z,1
Ground-based lure,KB04PM,1,2023-09-04T23:00:58Z,2023-09-04T23:01:04Z,2
Ground-based lure,KB04PM,2,2023-10-02T18:29:26Z,2023-10-02T18:29:34Z,2
Ground-based lure,KB04PM,3,2023-10-08T02:15:12Z,2023-10-08T02:15:12Z,1
Ground-based lure,KB04PM,4,2023-10-12T18:12:04Z,2023-10-12T18:12:58Z,2
Ground-based lure,KB06PM,1,2023-07-20T16:36:18Z,2023-07-20T16:36:28Z,2
Ground-based lure,KB06PM,2,2023-08-20T06:34:40Z,2023-08-20T06:34:40Z,1
Ground-based lure,KB07PM,1,2023-10-23T17:11:34Z,2023-10-23T17:11:34Z,1
Ground-based lure,KB08PM,1,2023-09-12T21:20:42Z,2023-09-12T21:20:42Z,1
Ground-based lure,KB12PM,1,2023-07-27T23:18:34Z,2023-07-27T23:19:10Z,4
Ground-based lure,KB12PM,2,2023-07-31T02:01:58Z,2023-07-31T02:05:14Z,11
Ground-based lure,KB12PM,3,2023-08-01T01:53:00Z,2023-08-01T01:53:00Z,1
Ground-based lure,KB12PM,4,2023-08-05T20:17:58Z,2023-08-05T20:18:30Z,4
Ground-based lure,KB12PM,5,2023-08-07T03:18:44Z,2023-08-07T03:18:52Z,2
Ground-based lure,KB12PM,6,2023-08-07T21:36:38Z,2023-08-07T21:37:20Z,5
Ground-based lure,KB12PM,7,2023-08-16T19:36:04Z,2023-08-16T19:36:20Z,3
Ground-based lure,KB12PM,8,2023-08-20T21:41:20Z,2023-08-20T21:41:30Z,2
Ground-based lure,KB12PM,9,2023-08-23T19:35:22Z,2023-08-23T19:35:22Z,1
Ground-based lure,KB12PM,10,2023-08-26T02:33:40Z,2023-08-26T02:33:40Z,1
Ground-based lure,KB12PM,11,2023-09-12T21:09:44Z,2023-09-12T21:09:56Z,2
Ground-based lure,KB12PM,12,2023-10-01T02:17:10Z,2023-10-01T02:17:22Z,2
Ground-based lure,KB15PM,1,2023-08-23T19:58:10Z,2023-08-23T19:58:18Z,2
Ground-based lure,KB15PM,2,2023-10-08T17:23:20Z,2023-10-08T17:23:20Z,1
Ground-based lure,KB16PM,1,2023-08-01T22:38:58Z,2023-08-01T22:38:58Z,1
Ground-based lure,KB17PM,1,2023-07-23T08:00:12Z,2023-07-23T08:00:20Z,2
Ground-based lure,KB17PM,2,2023-08-06T23:18:14Z,2023-08-06T23:29:34Z,12
Ground-based lure,KB17PM,3,2023-08-07T05:31:42Z,2023-08-07T05:31:54Z,2
Ground-based lure,KB17PM,4,2023-08-19T22:02:40Z,2023-08-19T22:02:40Z,1
Ground-based lure,KB17PM,5,2023-10-02T17:38:32Z,2023-10-02T17:38:44Z,2
Ground-based lure,KB19PM,1,2023-10-26T04:02:16Z,2023-10-26T04:02:44Z,4
Ground-based lure,KB20PM,1,2023-08-12T04:08:56Z,2023-08-12T04:09:08Z,2
Ground-based lure,KB21PM,1,2023-10-03T17:08:16Z,2023-10-03T17:08:16Z,1
Ground-based lure,KB24PM,1,2023-08-01T07:20:50Z,2023-08-01T07:20:50Z,1
Ground-based lure,KB24PM,2,2023-08-25T18:04:32Z,2023-08-25T18:04:52Z,2
Ground-based lure,KB24PM,3,2023-08-27T01:14:16Z,2023-08-27T01:14:16Z,1
Ground-based lure,KB25PM,1,2023-08-18T06:14:56Z,2023-08-18T06:14:56Z,1
Ground-based lure,KB26PM,1,2023-09-20T21:33:30Z,2023-09-20T21:33:30Z,1
Ground-based lure,KB27PM,1,2023-08-01T22:37:30Z,2023-08-01T22:38:00Z,5
Ground-based lure,KB27PM,2,2023-08-20T01:32:32Z,2023-08-20T01:32:32Z,1
Tree-mounted bait,KS02,1,2024-11-29T23:48:54Z,2024-11-30T00:07:09Z,3
Tree-mounted bait,KS02,2,2024-11-30T04:29:20Z,2024-11-30T05:23:11Z,2
Tree-mounted bait,KS02,3,2024-11-30T06:44:14Z,2024-11-30T07:16:37Z,2
Tree-mounted bait,KS02,4,2024-11-30T17:28:00Z,2024-11-30T18:55:45Z,27
Tree-mounted bait,KS03,1,2024-10-08T17:14:14Z,2024-10-08T17:14:17Z,1
Tree-mounted bait,KS10,1,2024-11-19T20:59:12Z,2024-11-19T21:08:19Z,22
Tree-mounted bait,KS10,2,2024-11-20T02:40:58Z,2024-11-20T03:15:17Z,118
Tree-mounted bait,KS10,3,2024-11-20T06:01:16Z,2024-11-20T06:15:37Z,60
Tree-mounted bait,KS10,4,2024-11-21T03:39:48Z,2024-11-21T04:21:29Z,21
Tree-mounted bait,KS10,5,2024-11-25T22:32:44Z,2024-11-26T00:06:12Z,24
Tree-mounted bait,KS12,1,2024-10-01T22:13:02Z,2024-10-01T22:13:15Z,3
Tree-mounted bait,KS12,2,2024-11-18T20:11:28Z,2024-11-18T20:11:45Z,2
Tree-mounted bait,KS14,1,2024-10-15T19:53:02Z,2024-10-15T21:49:37Z,187
Tree-mounted bait,KS14,2,2024-10-16T02:31:16Z,2024-10-16T03:50:39Z,193
Tree-mounted bait,KS14,3,2024-10-16T14:28:14Z,2024-10-16T14:33:34Z,20
Tree-mounted bait,KS14,4,2024-10-16T19:51:50Z,2024-10-16T19:59:35Z,27
Tree-mounted bait,KS14,5,2024-10-19T00:00:50Z,2024-10-19T00:01:10Z,2
Tree-mounted bait,KS14,6,2024-10-25T23:56:06Z,2024-10-25T23:56:10Z,1
Tree-mounted bait,KS14,7,2024-11-21T18:26:28Z,2024-11-21T18:58:59Z,5
Tree-mounted bait,KS14,8,2024-11-22T05:54:44Z,2024-11-22T06:19:53Z,48
Tree-mounted bait,KS14,9,2024-11-22T07:58:24Z,2024-11-22T08:10:31Z,21
Tree-mounted bait,KS14,10,2024-11-22T16:52:02Z,2024-11-22T17:03:25Z,43
Tree-mounted bait,KS14,11,2024-11-22T21:39:26Z,2024-11-22T22:03:53Z,11
Tree-mounted bait,KS14,12,2024-11-23T15:20:22Z,2024-11-23T16:19:36Z,84
Tree-mounted bait,KS14,13,2024-11-23T19:44:20Z,2024-11-23T19:44:45Z,3
Tree-mounted bait,KS14,14,2024-11-25T18:50:10Z,2024-11-25T18:50:13Z,1
Tree-mounted bait,KS14,15,2024-11-27T19:32:28Z,2024-11-27T19:32:41Z,2
Tree-mounted bait,KS18,1,2024-10-06T13:07:34Z,2024-10-06T13:07:40Z,1
Tree-mounted bait,KS18,2,2024-10-08T05:11:18Z,2024-10-08T05:22:30Z,11
Tree-mounted bait,KS18,3,2024-10-12T01:21:20Z,2024-10-12T01:43:32Z,47
Tree-mounted bait,KS18,4,2024-10-12T04:53:34Z,2024-10-12T05:16:45Z,88
Tree-mounted bait,KS18,5,2024-10-12T23:33:26Z,2024-10-13T00:56:05Z,37
Tree-mounted bait,KS18,6,2024-10-13T02:57:04Z,2024-10-13T03:44:38Z,7
Tree-mounted bait,KS18,7,2024-10-13T04:58:50Z,2024-10-13T04:58:55Z,1
Tree-mounted bait,KS18,8,2024-10-13T21:30:26Z,2024-10-13T22:51:03Z,44
Tree-mounted bait,KS18,9,2024-10-24T23:23:46Z,2024-10-24T23:23:57Z,2
Tree-mounted bait,KS18,10,2024-10-25T00:25:54Z,2024-10-25T00:34:11Z,5
Tree-mounted bait,KS18,11,2024-10-25T08:15:16Z,2024-10-25T10:58:29Z,165
Tree-mounted bait,KS18,12,2024-10-25T18:24:02Z,2024-10-25T18:24:49Z,2
Tree-mounted bait,KS18,13,2024-10-25T19:34:28Z,2024-10-25T19:55:50Z,85
Tree-mounted bait,KS18,14,2024-10-26T13:10:08Z,2024-10-26T13:10:11Z,1
Tree-mounted bait,KS18,15,2024-10-31T22:43:44Z,2024-10-31T22:44:09Z,3
Tree-mounted bait,KS19,1,2024-10-13T07:22:16Z,2024-10-13T07:22:19Z,1
Tree-mounted bait,KS19,2,2024-10-15T08:22:40Z,2024-10-15T08:40:35Z,12
Tree-mounted bait,KS19,3,2024-10-15T19:20:26Z,2024-10-15T19:25:39Z,2
Tree-mounted bait,KS19,4,2024-10-16T00:44:08Z,2024-10-16T00:48:19Z,7
Tree-mounted bait,KS19,5,2024-10-16T21:52:12Z,2024-10-16T21:53:15Z,2
Tree-mounted bait,KS19,6,2024-10-17T19:16:32Z,2024-10-17T19:16:49Z,3
Tree-mounted bait,KS19,7,2024-10-19T17:47:48Z,2024-10-19T17:47:51Z,1
Tree-mounted bait,KS19,8,2024-10-25T07:16:26Z,2024-10-25T07:16:32Z,1
Tree-mounted bait,KS19,9,2024-10-25T20:02:26Z,2024-10-25T20:02:29Z,1
Tree-mounted bait,KS19,10,2024-10-26T04:10:50Z,2024-10-26T04:21:11Z,3
Tree-mounted bait,KS19,11,2024-10-26T15:32:08Z,2024-10-26T15:40:05Z,6
Tree-mounted bait,KS19,12,2024-10-26T21:16:58Z,2024-10-26T22:00:59Z,18
Tree-mounted bait,KS19,13,2024-10-30T18:15:00Z,2024-10-30T18:53:39Z,5
Tree-mounted bait,KS19,14,2024-10-31T05:16:50Z,2024-10-31T05:45:13Z,8
Tree-mounted bait,KS19,15,2024-11-07T01:10:18Z,2024-11-07T01:10:55Z,3
Tree-mounted bait,KS19,16,2024-11-13T02:14:52Z,2024-11-13T02:15:09Z,2
Tree-mounted bait,KS19,17,2024-11-24T01:33:10Z,2024-11-24T01:46:55Z,2
Tree-mounted bait,KS19,18,2024-11-24T03:35:54Z,2024-11-24T04:32:33Z,4
Tree-mounted bait,KS19,19,2024-11-24T15:40:44Z,2024-11-24T15:40:48Z,1
Tree-mounted bait,KS19,20,2024-11-25T00:08:42Z,2024-11-25T00:08:45Z,1
Tree-mounted bait,KS20,1,2024-10-26T19:46:48Z,2024-10-26T20:34:24Z,50
Tree-mounted bait,KS20,2,2024-11-01T03:40:40Z,2024-11-01T04:44:19Z,136
Tree-mounted bait,KS20,3,2024-11-02T18:11:56Z,2024-11-02T19:33:46Z,37
Tree-mounted bait,KS20,4,2024-11-03T02:59:08Z,2024-11-03T03:00:43Z,6
Tree-mounted bait,KS20,5,2024-11-03T04:21:26Z,2024-11-03T04:44:28Z,9
Tree-mounted bait,KS20,6,2024-11-08T05:20:30Z,2024-11-08T05:20:50Z,2
Tree-mounted bait,KS20,7,2024-11-12T05:09:52Z,2024-11-12T05:15:25Z,12
Tree-mounted bait,KS20,8,2024-11-17T03:20:52Z,2024-11-17T03:41:54Z,27
Tree-mounted bait,KS20,9,2024-11-17T17:44:32Z,2024-11-17T18:27:19Z,42
Tree-mounted bait,KS20,10,2024-11-18T06:10:46Z,2024-11-18T07:09:12Z,51
Tree-mounted bait,KS20,11,2024-11-18T17:41:54Z,2024-11-18T17:41:57Z,1
Tree-mounted bait,KS20,12,2024-11-18T22:03:42Z,2024-11-18T23:09:15Z,53
Tree-mounted bait,KS20,13,2024-11-19T01:15:38Z,2024-11-19T01:39:17Z,4
Tree-mounted bait,KS20,14,2024-11-19T02:46:20Z,2024-11-19T02:46:24Z,1
Tree-mounted bait,KS20,15,2024-11-19T05:16:08Z,2024-11-19T05:20:35Z,11
Tree-mounted bait,KS20,16,2024-11-19T17:42:16Z,2024-11-19T18:15:05Z,89
Tree-mounted bait,KS20,17,2024-11-19T22:33:08Z,2024-11-20T00:09:57Z,113
Tree-mounted bait,KS20,18,2024-11-20T22:37:32Z,2024-11-20T22:37:59Z,4
Tree-mounted bait,KS20,19,2024-11-23T20:12:04Z,2024-11-23T20:12:07Z,1
Tree-mounted bait,KS21,1,2024-09-01T10:18:12Z,2024-09-01T10:21:55Z,14
Tree-mounted bait,KS21,2,2024-09-01T20:53:14Z,2024-09-01T20:53:19Z,1
Tree-mounted bait,KS21,3,2024-09-02T02:15:02Z,2024-09-02T02:28:54Z,10
Tree-mounted bait,KS21,4,2024-09-02T09:01:58Z,2024-09-02T09:13:18Z,12
Tree-mounted bait,KS21,5,2024-09-02T14:49:52Z,2024-09-02T15:04:28Z,51
Tree-mounted bait,KS21,6,2024-09-02T23:06:32Z,2024-09-02T23:12:47Z,29
Tree-mounted bait,KS21,7,2024-09-13T01:27:46Z,2024-09-13T01:27:51Z,1
Tree-mounted bait,KS21,8,2024-09-13T19:27:52Z,2024-09-13T19:28:10Z,2
Tree-mounted bait,KS21,9,2024-09-16T19:35:46Z,2024-09-16T19:35:52Z,1
Tree-mounted bait,KS21,10,2024-09-26T20:34:48Z,2024-09-26T20:34:55Z,1
Tree-mounted bait,KS21,11,2024-10-08T02:04:18Z,2024-10-08T02:04:24Z,1
Tree-mounted bait,KS21,12,2024-10-08T06:35:04Z,2024-10-08T07:04:51Z,2
Tree-mounted bait,KS21,13,2024-10-08T18:30:46Z,2024-10-08T18:30:49Z,1
Tree-mounted bait,KS21,14,2024-10-09T05:22:06Z,2024-10-09T05:25:21Z,2
Tree-mounted bait,KS21,15,2024-10-09T18:06:14Z,2024-10-09T18:20:09Z,21
Tree-mounted bait,KS21,16,2024-10-09T19:20:20Z,2024-10-09T19:43:43Z,4
Tree-mounted bait,KS21,17,2024-10-11T04:49:10Z,2024-10-11T04:49:17Z,2
Tree-mounted bait,KS21,18,2024-10-12T21:13:48Z,2024-10-12T21:59:53Z,8
Tree-mounted bait,KS21,19,2024-10-12T23:58:48Z,2024-10-12T23:58:51Z,1
Tree-mounted bait,KS21,20,2024-10-17T05:42:54Z,2024-10-17T05:42:57Z,1
Tree-mounted bait,KS21,21,2024-10-31T17:10:56Z,2024-10-31T17:10:59Z,1
Tree-mounted bait,KS21,22,2024-11-16T03:55:28Z,2024-11-16T04:04:01Z,20
Tree-mounted bait,KS21,23,2024-11-16T16:13:36Z,2024-11-16T16:39:30Z,36
Tree-mounted bait,KS21,24,2024-11-17T01:51:34Z,2024-11-17T02:12:44Z,48
Tree-mounted bait,KS21,25,2024-11-17T06:42:00Z,2024-11-17T06:55:25Z,22
Tree-mounted bait,KS21,26,2024-11-17T18:57:34Z,2024-11-17T19:23:55Z,58
Tree-mounted bait,KS21,27,2024-11-18T03:03:36Z,2024-11-18T03:42:51Z,66
Tree-mounted bait,KS21,28,2024-11-18T23:57:00Z,2024-11-19T00:21:23Z,12
Tree-mounted bait,KS21,29,2024-11-19T19:07:12Z,2024-11-19T19:38:41Z,32
Tree-mounted bait,KS21,30,2024-11-21T18:24:26Z,2024-11-21T18:25:19Z,5
Tree-mounted bait,KS21,31,2024-11-29T23:10:50Z,2024-11-29T23:11:32Z,5
Tree-mounted bait,KS22,1,2024-10-06T04:33:46Z,2024-10-06T04:46:49Z,5
Tree-mounted bait,KS22,2,2024-10-06T18:24:42Z,2024-10-06T18:51:27Z,3
Tree-mounted bait,KS22,3,2024-10-06T21:13:16Z,2024-10-06T21:57:21Z,4
Tree-mounted bait,KS22,4,2024-10-12T03:39:18Z,2024-10-12T03:39:23Z,1
Tree-mounted bait,KS22,5,2024-10-12T05:27:42Z,2024-10-12T05:52:39Z,8
Tree-mounted bait,KS22,6,2024-10-12T08:22:52Z,2024-10-12T08:34:33Z,2
Tree-mounted bait,KS22,7,2024-10-12T12:12:50Z,2024-10-12T13:19:00Z,11
Tree-mounted bait,KS22,8,2024-10-12T17:19:18Z,2024-10-12T17:34:06Z,5
Tree-mounted bait,KS22,9,2024-10-13T00:10:20Z,2024-10-13T00:48:02Z,6
Tree-mounted bait,KS22,10,2024-10-13T04:03:18Z,2024-10-13T04:32:10Z,16
Tree-mounted bait,KS22,11,2024-10-13T09:12:46Z,2024-10-13T09:13:48Z,3
Tree-mounted bait,KS22,12,2024-10-13T16:41:38Z,2024-10-13T16:42:11Z,3
Tree-mounted bait,KS22,13,2024-10-13T20:27:06Z,2024-10-13T20:27:17Z,2
Tree-mounted bait,KS22,14,2024-10-15T05:56:08Z,2024-10-15T05:56:13Z,1
Tree-mounted bait,KS22,15,2024-10-19T04:08:38Z,2024-10-19T04:08:51Z,2
Tree-mounted bait,KS22,16,2024-11-26T17:31:52Z,2024-11-26T17:31:59Z,2
Tree-mounted bait,KS23,1,2024-10-02T05:57:38Z,2024-10-02T05:57:46Z,1
Tree-mounted bait,KS23,2,2024-10-08T04:14:30Z,2024-10-08T04:18:19Z,9
Tree-mounted bait,KS23,3,2024-10-09T07:51:40Z,2024-10-09T07:53:15Z,3
Tree-mounted bait,KS23,4,2024-10-10T04:31:08Z,2024-10-10T04:36:21Z,6
Tree-mounted bait,KS23,5,2024-10-10T19:30:02Z,2024-10-10T19:31:43Z,3
Tree-mounted bait,KS23,6,2024-10-11T01:25:20Z,2024-10-11T01:30:31Z,3
Tree-mounted bait,KS23,7,2024-10-11T04:16:30Z,2024-10-11T04:46:29Z,9
Tree-mounted bait,KS23,8,2024-10-11T18:29:32Z,2024-10-11T20:45:07Z,115
Tree-mounted bait,KS23,9,2024-10-12T05:22:04Z,2024-10-12T05:34:55Z,10
Tree-mounted bait,KS23,10,2024-10-17T23:06:18Z,2024-10-17T23:06:25Z,2
Tree-mounted bait,KS23,11,2024-10-18T01:46:26Z,2024-10-18T01:47:03Z,2
Tree-mounted bait,KS23,12,2024-11-27T02:53:44Z,2024-11-27T03:04:39Z,2
Tree-mounted bait,KS23,13,2024-11-27T16:59:46Z,2024-11-27T17:21:17Z,2
Tree-mounted bait,KS23,14,2024-11-28T07:19:32Z,2024-11-28T07:19:35Z,1
Tree-mounted bait,KS23,15,2024-11-28T18:42:14Z,2024-11-28T18:59:39Z,2
Tree-mounted bait,KS24,1,2024-10-05T23:15:14Z,2024-10-05T23:26:01Z,9
Tree-mounted bait,KS24,2,2024-10-07T06:58:54Z,2024-10-07T07:04:39Z,2
Tree-mounted bait,KS24,3,2024-10-07T18:53:56Z,2024-10-07T19:03:35Z,10
Tree-mounted bait,KS24,4,2024-10-08T19:28:26Z,2024-10-08T19:28:41Z,2
Tree-mounted bait,KS24,5,2024-10-09T01:04:54Z,2024-10-09T02:15:55Z,8
Tree-mounted bait,KS24,6,2024-10-09T09:16:50Z,2024-10-09T09:38:05Z,20
Tree-mounted bait,KS24,7,2024-10-09T19:58:00Z,2024-10-09T20:31:05Z,28
Tree-mounted bait,KS24,8,2024-10-10T05:56:22Z,2024-10-10T06:17:13Z,13
Tree-mounted bait,KS24,9,2024-10-11T18:43:50Z,2024-10-11T18:44:00Z,2
Tree-mounted bait,KS24,10,2024-10-12T23:53:42Z,2024-10-12T23:54:03Z,3
Tree-mounted bait,KS24,11,2024-10-18T19:50:28Z,2024-10-18T19:50:37Z,2
Tree-mounted bait,KS24,12,2024-11-20T05:09:08Z,2024-11-20T05:34:11Z,4
Tree-mounted bait,KS24,13,2024-11-20T21:57:22Z,2024-11-20T21:57:25Z,1
Tree-mounted bait,KS27,1,2024-10-13T04:41:44Z,2024-10-13T05:25:14Z,56
Tree-mounted bait,KS27,2,2024-10-13T21:13:04Z,2024-10-13T21:40:19Z,38
Tree-mounted bait,KS27,3,2024-10-14T06:15:38Z,2024-10-14T07:17:35Z,25
Tree-mounted bait,KS27,4,2024-10-14T21:24:32Z,2024-10-14T21:54:33Z,7
Tree-mounted bait,KS27,5,2024-10-16T01:47:10Z,2024-10-16T01:48:03Z,5
Tree-mounted bait,KS27,6,2024-10-18T04:43:42Z,2024-10-18T04:43:55Z,2
Tree-mounted bait,KS27,7,2024-10-22T04:03:26Z,2024-10-22T05:19:15Z,6
Tree-mounted bait,KS27,8,2024-10-24T05:40:06Z,2024-10-24T05:59:41Z,9
Tree-mounted bait,KS27,9,2024-10-28T20:04:58Z,2024-10-28T20:05:48Z,4
Tree-mounted bait,KS27,10,2024-10-29T06:10:34Z,2024-10-29T06:10:43Z,2
Tree-mounted bait,KS27,11,2024-11-05T16:31:36Z,2024-11-05T16:46:53Z,8
Tree-mounted bait,KS27,12,2024-11-29T04:23:10Z,2024-11-29T04:37:13Z,2
Tree-mounted bait,KS28,1,2024-10-08T20:39:52Z,2024-10-08T20:44:55Z,4
Tree-mounted bait,KS28,2,2024-10-12T05:36:52Z,2024-10-12T05:36:58Z,1
Tree-mounted bait,KS28,3,2024-10-23T03:37:08Z,2024-10-23T04:05:39Z,29
Tree-mounted bait,KS28,4,2024-11-01T02:18:14Z,2024-11-01T02:18:25Z,2
Tree-mounted bait,KS28,5,2024-11-10T02:27:28Z,2024-11-10T02:57:50Z,37
Tree-mounted bait,KS28,6,2024-11-13T22:16:24Z,2024-11-13T22:16:39Z,2
Tree-mounted bait,KS29,1,2024-11-22T08:04:36Z,2024-11-22T08:04:39Z,1
Tree-mounted bait,KS29,2,2024-11-25T19:28:04Z,2024-11-25T19:37:59Z,2
Tree-mounted bait,KS30,1,2024-11-23T23:07:02Z,2024-11-23T23:07:13Z,2
Tree-mounted bait,KS30,2,2024-11-24T00:55:42Z,2024-11-24T01:00:57Z,6
Tree-mounted bait,KS30,3,2024-11-24T15:11:00Z,2024-11-24T16:57:07Z,166
Tree-mounted bait,KS32,1,2024-11-20T03:30:44Z,2024-11-20T03:30:47Z,1
